[{"uuid": "e8224bb8-3276-4a95-aa7a-aad7f25bd817", "name": "Simple", "login_required": false, "authentication_backends": [], "literals": {"previous_text": {"resolved": "Previous page", "value": ""}, "begin_text": {"resolved": "Begin form", "value": ""}, "change_text": {"resolved": "Change", "value": ""}, "confirm_text": {"resolved": "Confirm", "value": ""}}, "product": null, "slug": "simple", "url": "http://localhost/api/v1/forms/e8224bb8-3276-4a95-aa7a-aad7f25bd817", "steps": [{"uuid": "12728fb1-3f71-425c-8f23-80aa70f6cd8b", "slug": "test", "form_definition": "Test", "index": 0, "literals": {"previous_text": {"resolved": "Previous page", "value": ""}, "save_text": {"resolved": "Save current information", "value": ""}, "next_text": {"resolved": "Next", "value": ""}}, "url": "http://localhost/api/v1/forms/e8224bb8-3276-4a95-aa7a-aad7f25bd817/steps/12728fb1-3f71-425c-8f23-80aa70f6cd8b"}], "show_progress_indicator": true, "maintenance_mode": false, "active": true, "is_deleted": false, "submission_confirmation_template": ""}]