[{"index": 0, "slug": "test", "configuration": {"display": "form", "components": [{"id": "eherkl", "key": "test", "mask": false, "type": "textfield", "input": true, "label": "Test", "hidden": false, "prefix": "", "suffix": "", "unique": false, "widget": {"type": "input"}, "dbIndex": false, "overlay": {"top": "", "left": "", "style": "", "width": "", "height": ""}, "prefill": {"plugin": "", "attribute": ""}, "tooltip": "", "disabled": false, "multiple": false, "redrawOn": "", "tabindex": "", "validate": {"custom": "", "unique": false, "pattern": "", "multiple": false, "required": false, "maxLength": "", "minLength": "", "customPrivate": false, "strictDateValidation": false}, "autofocus": false, "encrypted": false, "hideLabel": false, "inputMask": "", "inputType": "text", "modalEdit": false, "protected": false, "refreshOn": "", "tableView": true, "attributes": {}, "errorLabel": "", "persistent": true, "properties": {}, "spellcheck": true, "validateOn": "change", "clearOnHide": true, "conditional": {"eq": "", "show": null, "when": null}, "customClass": "", "description": "", "inputFormat": "plain", "placeholder": "", "showInEmail": false, "defaultValue": null, "dataGridLabel": false, "labelPosition": "top", "showCharCount": false, "showWordCount": false, "calculateValue": "", "calculateServer": false, "allowMultipleMasks": false, "customDefaultValue": "", "allowCalculateOverride": false}]}, "form_definition": "http://localhost/api/v1/form-definitions/925e7a78-ba8e-4377-8d8e-dcd4f8f4fa02", "name": "Test", "url": "http://localhost/api/v1/forms/e8224bb8-3276-4a95-aa7a-aad7f25bd817/steps/12728fb1-3f71-425c-8f23-80aa70f6cd8b", "login_required": false, "literals": {"previous_text": {"resolved": "Previous page", "value": ""}, "save_text": {"resolved": "Save current information", "value": ""}, "next_text": {"resolved": "Next", "value": ""}}}]