[{"uuid": "9f8474c8-6297-41df-a9fb-4346c2582b45", "name": "test", "login_required": true, "authentication_backends": ["digid"], "literals": {"previous_text": {"resolved": "Vorige", "value": ""}, "begin_text": {"resolved": "Formulier starten", "value": ""}, "change_text": {"resolved": "Wijzigen", "value": ""}, "confirm_text": {"resolved": "Voltooien", "value": ""}}, "product": null, "slug": "test", "url": "http://localhost/api/v1/forms/9f8474c8-6297-41df-a9fb-4346c2582b45", "steps": [{"uuid": "6ad86f17-bbda-4b63-a455-04ee4a53ecd2", "slug": "playground", "form_definition": "Playground", "index": 1, "literals": {"previous_text": {"resolved": "Vorige", "value": ""}, "save_text": {"resolved": "Tussentijds opslaan", "value": ""}, "next_text": {"resolved": "Volgende", "value": ""}}, "url": "http://localhost/api/v1/forms/9f8474c8-6297-41df-a9fb-4346c2582b45/steps/6ad86f17-bbda-4b63-a455-04ee4a53ecd2"}, {"uuid": "a7dc5fff-762c-4d0c-86c4-09c9c54cf4b3", "slug": "persoonsgegevens", "form_definition": "Persoonsgegevens", "index": 0, "literals": {"previous_text": {"resolved": "Vorige", "value": ""}, "save_text": {"resolved": "Tussentijds opslaan", "value": ""}, "next_text": {"resolved": "Volgende", "value": ""}}, "url": "http://localhost/api/v1/forms/9f8474c8-6297-41df-a9fb-4346c2582b45/steps/a7dc5fff-762c-4d0c-86c4-09c9c54cf4b3"}], "show_progress_indicator": true, "maintenance_mode": false, "active": true, "is_deleted": false, "submission_confirmation_template": ""}]